city,lat,lon,peak_sun_hours_kwh_m2_day,annual_ac_kwh_per_kw,weather_data,assumptions,source_name,source_url,accessed
"Phoenix, AZ",33.45,-112.07,6.57,1787,NSRDB PSM V3 GOES tmy-2020 3.2.0,PVWatts v8; fixed open rack; tilt = latitude; azimuth 180; 14% losses; standard module,NREL PVWatts v8 API (DEMO_KEY request),https://developer.nlr.gov/api/pvwatts/v8.json?api_key=DEMO_KEY&lat=33.45&lon=-112.07&system_capacity=1&module_type=0&losses=14&array_type=0&tilt=33.45&azimuth=180,2026-10-10
"Las Vegas, NV",36.17,-115.14,6.47,1791,NSRDB PSM V3 GOES tmy-2020 3.2.0,PVWatts v8; fixed open rack; tilt = latitude; azimuth 180; 14% losses; standard module,NREL PVWatts v8 API (DEMO_KEY request),https://developer.nlr.gov/api/pvwatts/v8.json?api_key=DEMO_KEY&lat=36.17&lon=-115.14&system_capacity=1&module_type=0&losses=14&array_type=0&tilt=36.17&azimuth=180,2026-10-10
"Los Angeles, CA",34.05,-118.24,6.09,1699,NSRDB PSM V3 GOES tmy-2020 3.2.0,PVWatts v8; fixed open rack; tilt = latitude; azimuth 180; 14% losses; standard module,NREL PVWatts v8 API (DEMO_KEY request),https://developer.nlr.gov/api/pvwatts/v8.json?api_key=DEMO_KEY&lat=34.05&lon=-118.24&system_capacity=1&module_type=0&losses=14&array_type=0&tilt=34.05&azimuth=180,2026-10-10
"Denver, CO",39.74,-104.99,5.74,1635,NSRDB PSM V3 GOES tmy-2020 3.2.0,PVWatts v8; fixed open rack; tilt = latitude; azimuth 180; 14% losses; standard module,NREL PVWatts v8 API (DEMO_KEY request),https://developer.nlr.gov/api/pvwatts/v8.json?api_key=DEMO_KEY&lat=39.74&lon=-104.99&system_capacity=1&module_type=0&losses=14&array_type=0&tilt=39.74&azimuth=180,2026-10-10
"Albuquerque, NM",35.08,-106.65,6.48,1817,NSRDB PSM V3 GOES tmy-2020 3.2.0,PVWatts v8; fixed open rack; tilt = latitude; azimuth 180; 14% losses; standard module,NREL PVWatts v8 API (DEMO_KEY request),https://developer.nlr.gov/api/pvwatts/v8.json?api_key=DEMO_KEY&lat=35.08&lon=-106.65&system_capacity=1&module_type=0&losses=14&array_type=0&tilt=35.08&azimuth=180,2026-10-10
"Dallas, TX",32.78,-96.80,5.41,1513,NSRDB PSM V3 GOES tmy-2020 3.2.0,PVWatts v8; fixed open rack; tilt = latitude; azimuth 180; 14% losses; standard module,NREL PVWatts v8 API (DEMO_KEY request),https://developer.nlr.gov/api/pvwatts/v8.json?api_key=DEMO_KEY&lat=32.78&lon=-96.80&system_capacity=1&module_type=0&losses=14&array_type=0&tilt=32.78&azimuth=180,2026-10-10
"Houston, TX",29.76,-95.37,5.15,1422,NSRDB PSM V3 GOES tmy-2020 3.2.0,PVWatts v8; fixed open rack; tilt = latitude; azimuth 180; 14% losses; standard module,NREL PVWatts v8 API (DEMO_KEY request),https://developer.nlr.gov/api/pvwatts/v8.json?api_key=DEMO_KEY&lat=29.76&lon=-95.37&system_capacity=1&module_type=0&losses=14&array_type=0&tilt=29.76&azimuth=180,2026-10-10
"Miami, FL",25.76,-80.19,5.57,1552,NSRDB PSM V3 GOES tmy-2020 3.2.0,PVWatts v8; fixed open rack; tilt = latitude; azimuth 180; 14% losses; standard module,NREL PVWatts v8 API (DEMO_KEY request),https://developer.nlr.gov/api/pvwatts/v8.json?api_key=DEMO_KEY&lat=25.76&lon=-80.19&system_capacity=1&module_type=0&losses=14&array_type=0&tilt=25.76&azimuth=180,2026-10-10
"Atlanta, GA",33.75,-84.39,5.09,1412,NSRDB PSM V3 GOES tmy-2020 3.2.0,PVWatts v8; fixed open rack; tilt = latitude; azimuth 180; 14% losses; standard module,NREL PVWatts v8 API (DEMO_KEY request),https://developer.nlr.gov/api/pvwatts/v8.json?api_key=DEMO_KEY&lat=33.75&lon=-84.39&system_capacity=1&module_type=0&losses=14&array_type=0&tilt=33.75&azimuth=180,2026-10-10
"Nashville, TN",36.16,-86.78,4.77,1342,NSRDB PSM V3 GOES tmy-2020 3.2.0,PVWatts v8; fixed open rack; tilt = latitude; azimuth 180; 14% losses; standard module,NREL PVWatts v8 API (DEMO_KEY request),https://developer.nlr.gov/api/pvwatts/v8.json?api_key=DEMO_KEY&lat=36.16&lon=-86.78&system_capacity=1&module_type=0&losses=14&array_type=0&tilt=36.16&azimuth=180,2026-10-10
"Kansas City, MO",39.10,-94.58,5.05,1451,NSRDB PSM V3 GOES tmy-2020 3.2.0,PVWatts v8; fixed open rack; tilt = latitude; azimuth 180; 14% losses; standard module,NREL PVWatts v8 API (DEMO_KEY request),https://developer.nlr.gov/api/pvwatts/v8.json?api_key=DEMO_KEY&lat=39.10&lon=-94.58&system_capacity=1&module_type=0&losses=14&array_type=0&tilt=39.10&azimuth=180,2026-10-10
"Chicago, IL",41.88,-87.63,4.46,1308,NSRDB PSM V3 GOES tmy-2020 3.2.0,PVWatts v8; fixed open rack; tilt = latitude; azimuth 180; 14% losses; standard module,NREL PVWatts v8 API (DEMO_KEY request),https://developer.nlr.gov/api/pvwatts/v8.json?api_key=DEMO_KEY&lat=41.88&lon=-87.63&system_capacity=1&module_type=0&losses=14&array_type=0&tilt=41.88&azimuth=180,2026-10-10
"Minneapolis, MN",44.98,-93.27,4.66,1358,NSRDB PSM V3 GOES tmy-2020 3.2.0,PVWatts v8; fixed open rack; tilt = latitude; azimuth 180; 14% losses; standard module,NREL PVWatts v8 API (DEMO_KEY request),https://developer.nlr.gov/api/pvwatts/v8.json?api_key=DEMO_KEY&lat=44.98&lon=-93.27&system_capacity=1&module_type=0&losses=14&array_type=0&tilt=44.98&azimuth=180,2026-10-10
"Milwaukee, WI",43.04,-87.91,4.55,1337,NSRDB PSM V3 GOES tmy-2020 3.2.0,PVWatts v8; fixed open rack; tilt = latitude; azimuth 180; 14% losses; standard module,NREL PVWatts v8 API (DEMO_KEY request),https://developer.nlr.gov/api/pvwatts/v8.json?api_key=DEMO_KEY&lat=43.04&lon=-87.91&system_capacity=1&module_type=0&losses=14&array_type=0&tilt=43.04&azimuth=180,2026-10-10
"Detroit, MI",42.33,-83.05,4.42,1287,NSRDB PSM V3 GOES tmy-2020 3.2.0,PVWatts v8; fixed open rack; tilt = latitude; azimuth 180; 14% losses; standard module,NREL PVWatts v8 API (DEMO_KEY request),https://developer.nlr.gov/api/pvwatts/v8.json?api_key=DEMO_KEY&lat=42.33&lon=-83.05&system_capacity=1&module_type=0&losses=14&array_type=0&tilt=42.33&azimuth=180,2026-10-10
"New York, NY",40.71,-74.01,4.45,1293,NSRDB PSM V3 GOES tmy-2020 3.2.0,PVWatts v8; fixed open rack; tilt = latitude; azimuth 180; 14% losses; standard module,NREL PVWatts v8 API (DEMO_KEY request),https://developer.nlr.gov/api/pvwatts/v8.json?api_key=DEMO_KEY&lat=40.71&lon=-74.01&system_capacity=1&module_type=0&losses=14&array_type=0&tilt=40.71&azimuth=180,2026-10-10
"Boston, MA",42.36,-71.06,4.71,1329,NSRDB PSM V3 GOES tmy-2020 3.2.0,PVWatts v8; fixed open rack; tilt = latitude; azimuth 180; 14% losses; standard module,NREL PVWatts v8 API (DEMO_KEY request),https://developer.nlr.gov/api/pvwatts/v8.json?api_key=DEMO_KEY&lat=42.36&lon=-71.06&system_capacity=1&module_type=0&losses=14&array_type=0&tilt=42.36&azimuth=180,2026-10-10
"Seattle, WA",47.61,-122.33,3.83,1071,NSRDB PSM V3 GOES tmy-2020 3.2.0,PVWatts v8; fixed open rack; tilt = latitude; azimuth 180; 14% losses; standard module,NREL PVWatts v8 API (DEMO_KEY request),https://developer.nlr.gov/api/pvwatts/v8.json?api_key=DEMO_KEY&lat=47.61&lon=-122.33&system_capacity=1&module_type=0&losses=14&array_type=0&tilt=47.61&azimuth=180,2026-10-10
"Portland, OR",45.52,-122.68,3.98,1113,NSRDB PSM V3 GOES tmy-2020 3.2.0,PVWatts v8; fixed open rack; tilt = latitude; azimuth 180; 14% losses; standard module,NREL PVWatts v8 API (DEMO_KEY request),https://developer.nlr.gov/api/pvwatts/v8.json?api_key=DEMO_KEY&lat=45.52&lon=-122.68&system_capacity=1&module_type=0&losses=14&array_type=0&tilt=45.52&azimuth=180,2026-10-10
"Anchorage, AK",61.22,-149.90,3.03,886,NSRDB PSM V4 Polar tmy-2023 1.0.0,PVWatts v8; fixed open rack; tilt = latitude; azimuth 180; 14% losses; standard module,NREL PVWatts v8 API (DEMO_KEY request),https://developer.nlr.gov/api/pvwatts/v8.json?api_key=DEMO_KEY&lat=61.22&lon=-149.90&system_capacity=1&module_type=0&losses=14&array_type=0&tilt=61.22&azimuth=180,2026-10-10
