Manufacturer,Model,Type,Max. PV open-circuit voltage,Charge current,Datasheet name for that current,Battery voltage,Source
Victron Energy,SmartSolar MPPT 75/10,MPPT,75 V,10 A,Rated charge current,12/24 V,"https://www.victronenergy.com/upload/documents/Datasheet-SmartSolar-charge-controller-MPPT-75-10,-75-15,-100-15,-100-20_48V-EN.pdf"
Victron Energy,SmartSolar MPPT 75/15,MPPT,75 V,15 A,Rated charge current,12/24 V,"https://www.victronenergy.com/upload/documents/Datasheet-SmartSolar-charge-controller-MPPT-75-10,-75-15,-100-15,-100-20_48V-EN.pdf"
Victron Energy,SmartSolar MPPT 100/15,MPPT,100 V,15 A,Rated charge current,12/24 V,"https://www.victronenergy.com/upload/documents/Datasheet-SmartSolar-charge-controller-MPPT-75-10,-75-15,-100-15,-100-20_48V-EN.pdf"
Victron Energy,SmartSolar MPPT 100/20-48V,MPPT,100 V,20 A,Rated charge current,12/24/48 V,"https://www.victronenergy.com/upload/documents/Datasheet-SmartSolar-charge-controller-MPPT-75-10,-75-15,-100-15,-100-20_48V-EN.pdf"
Victron Energy,SmartSolar MPPT 100/30,MPPT,100 V,30 A,Rated charge current,12/24 V Auto Select,https://www.victronenergy.com/upload/documents/Datasheet-SmartSolar-charge-controller-MPPT-100-30-%26-100-50-EN.pdf
Victron Energy,SmartSolar MPPT 100/50,MPPT,100 V,50 A,Rated charge current,12/24 V Auto Select,https://www.victronenergy.com/upload/documents/Datasheet-SmartSolar-charge-controller-MPPT-100-30-%26-100-50-EN.pdf
Victron Energy,SmartSolar MPPT 150/35,MPPT,150 V absolute maximum coldest conditions; 145 V start-up and operating maximum,35 A,Rated charge current,12 / 24 / 48 V Auto Select (software tool needed to select 36 V),https://www.victronenergy.com/upload/documents/Datasheet-SmartSolar-charge-controller-MPPT-150-35-%26-150-45-EN.pdf
Victron Energy,SmartSolar MPPT 150/45,MPPT,150 V absolute maximum coldest conditions; 145 V start-up and operating maximum,45 A,Rated charge current,12 / 24 / 48 V Auto Select (software tool needed to select 36 V),https://www.victronenergy.com/upload/documents/Datasheet-SmartSolar-charge-controller-MPPT-150-35-%26-150-45-EN.pdf
Victron Energy,SmartSolar MPPT 150/60,MPPT,150 V absolute maximum coldest conditions; 145 V start-up and operating maximum,60 A,Rated charge current,12 / 24 / 48 V Auto Select (software tool needed to select 36 V),https://www.victronenergy.com/upload/documents/Datasheet-SmartSolar-charge-controller-MPPT-150-60-%26-150-70-EN.pdf
Victron Energy,SmartSolar MPPT 150/70,MPPT,150 V absolute maximum coldest conditions; 145 V start-up and operating maximum,70 A,Rated charge current,12 / 24 / 48 V Auto Select (software tool needed to select 36 V),https://www.victronenergy.com/upload/documents/Datasheet-SmartSolar-charge-controller-MPPT-150-60-%26-150-70-EN.pdf
Victron Energy,SmartSolar MPPT 250/60,MPPT,250 V absolute maximum coldest conditions; 245 V start-up and operating maximum,60 A,Rated charge current,12 / 24 / 48 V Auto Select (software tool needed to select 36 V),https://www.victronenergy.com/upload/documents/Datasheet-SmartSolar-charge-controller-MPPT-250-60-and-250-70-EN.pdf
Victron Energy,SmartSolar MPPT 250/70,MPPT,250 V absolute maximum coldest conditions; 245 V start-up and operating maximum,70 A,Rated charge current,12 / 24 / 48 V Auto Select (software tool needed to select 36 V),https://www.victronenergy.com/upload/documents/Datasheet-SmartSolar-charge-controller-MPPT-250-60-and-250-70-EN.pdf
Morningstar,SS-MPPT-15L,MPPT,60 volts (without damage to unit),15 amps,Max. battery charging current,12 or 24 volts,https://www.morningstarcorp.com/wp-content/uploads/datasheet-sunsaver-mppt-en.pdf
Morningstar,"PS-MPPT-25, PS-MPPT-25M",MPPT,120 Volts (without damage to unit),25 Amps,Max. Battery Current,12V or 24V,https://www.morningstarcorp.com/wp-content/uploads/datasheet-prostar-mppt-en.pdf
Morningstar,"PS-MPPT-40, PS-MPPT-40M",MPPT,120 Volts (without damage to unit),40 Amps,Max. Battery Current,12V or 24V,https://www.morningstarcorp.com/wp-content/uploads/datasheet-prostar-mppt-en.pdf
Morningstar,TS-MPPT-30,MPPT,150 volts DC (without damage to unit),30 amps,Maximum Battery Current,"12, 24, or 48 volts DC",https://www.morningstarcorp.com/wp-content/uploads/datasheet-tristar-mppt-en.pdf
Morningstar,TS-MPPT-45,MPPT,150 volts DC (without damage to unit),45 amps,Maximum Battery Current,"12, 24, or 48 volts DC",https://www.morningstarcorp.com/wp-content/uploads/datasheet-tristar-mppt-en.pdf
Morningstar,TS-MPPT-60,MPPT,150 volts DC (without damage to unit),60 amps,Maximum Battery Current,"12, 24, or 48 volts DC",https://www.morningstarcorp.com/wp-content/uploads/datasheet-tristar-mppt-en.pdf
Morningstar,TS-MPPT-60M,MPPT,150 volts DC (without damage to unit),60 amps,Maximum Battery Current (same cell as TS-MPPT-60),"12, 24, or 48 volts DC",https://www.morningstarcorp.com/wp-content/uploads/datasheet-tristar-mppt-en.pdf
Morningstar,"PS-15, PS-15M",PWM,12V bat: 30Voc / 24V bat: 60Voc,15A,Maximum Battery Current (versions line: 15 amps),12V or 24V,https://www.morningstarcorp.com/wp-content/uploads/datasheet-prostar-en.pdf
Morningstar,"PS-30, PS-30M",PWM,12V bat: 30Voc / 24V bat: 60Voc,30A,Maximum Battery Current (versions line: 30 amps),12V or 24V,https://www.morningstarcorp.com/wp-content/uploads/datasheet-prostar-en.pdf
Morningstar,SS-6/6L,PWM,30V,6.5A,Max. solar current,12V,https://www.morningstarcorp.com/wp-content/uploads/datasheet-sunsaver-en.pdf
Morningstar,SS-10/10L,PWM,30V or 60V,10A,Max. solar current,12V or 24V,https://www.morningstarcorp.com/wp-content/uploads/datasheet-sunsaver-en.pdf
Morningstar,SS-20L,PWM,30V or 60V,20A,Max. solar current,12V or 24V,https://www.morningstarcorp.com/wp-content/uploads/datasheet-sunsaver-en.pdf
